Commit made at Sat Jul 20 01:32:10 UTC 2024
Commit made at Sat Jul 20 01:39:37 UTC 2024 with sticker: ğŸ™ Be thankful.
Commit made at Sat Jul 20 10:28:44 UTC 2024 with sticker: 🌟 Shine bright.
Commit made at Sun Jul 21 01:05:53 UTC 2024 with sticker: 😜 Be yourself, everyone else is taken.
Commit made at Mon Jul 22 01:03:32 UTC 2024 with sticker: ğŸ‘ Well done!
Commit made at Tue Jul 23 01:01:40 UTC 2024 with sticker: ğŸ‘ Youâ€™re doing great.
Commit made at Wed Jul 24 01:02:15 UTC 2024 with sticker: ğŸ‰ Celebrate every moment.
Commit made at Thu Jul 25 01:01:31 UTC 2024 with sticker: ğŸ¤·â€â™‚ï¸ Embrace the unknown.
Commit made at Fri Jul 26 01:00:53 UTC 2024 with sticker: ğŸ™ Be thankful.
Commit made at Sat Jul 27 01:00:29 UTC 2024 with sticker: 🤔 Think big, dream bigger.
Commit made at Sun Jul 28 01:06:18 UTC 2024 with sticker: 😊 Keep smiling, it's contagious.
Commit made at Mon Jul 29 01:03:23 UTC 2024 with sticker: 😊 Keep smiling, it's contagious.
Commit made at Tue Jul 30 01:01:38 UTC 2024 with sticker: ğŸ˜ Stay cool, always.
Commit made at Wed Jul 31 00:51:29 UTC 2024 with sticker: 👀 Keep an eye on your goals.
Commit made at Thu Aug  1 01:07:06 UTC 2024 with sticker: 😢 Tears are words the heart can't express.
